{
    "id": "/subscriptions/e7edada8-0251-4f6d-b24c-e77bba6686d1/resourceGroups/EdurekaProject/providers/Microsoft.EventHub/namespaces/saleseventhub1096/eventhubs/salesdatahub",
    "name": "salesdatahub",
    "type": "Microsoft.EventHub/namespaces/eventhubs",
    "location": "westindia",
    "properties": {
        "messageRetentionInDays": 1,
        "partitionCount": 1,
        "status": "Active",
        "createdAt": "2024-08-19T13:49:33.8",
        "updatedAt": "2024-08-19T13:54:37.937",
        "partitionIds": [
            "0"
        ]
    }
}